{
  "display": {
    "background": "minecraft:textures/block/stone.png",
    "icon": {
      "item": "minecraft:redstone_block"
    },
    "title": {
      "translate": "advancements.gettin_in.title"
    },
    "description": {
      "translate": "advancements.gettin_in.descr"
    },
    "frame": "challenge",
    "show_toast": true,
    "announce_to_chat": true,
    "hidden": false
  },
  "criteria": {
    "gettin_in_0": {
      "trigger": "minecraft:location",
      "conditions": {
        "player": [
          {
            "condition": "minecraft:entity_properties",
            "entity": "this",
            "predicate": {
              "location": {
                "biome": "tcw_thecrsimsonmod:crimson_biome"
              }
            }
          }
        ]
      }
    }
  }
}