{
  "display": {
    "background": "minecraft:textures/block/stone.png",
    "icon": {
      "item": "tcw_thecrsimsonmod:deleted_mod_element"
    },
    "title": {
      "translate": "advancements.long_way_to_end.title"
    },
    "description": {
      "translate": "advancements.long_way_to_end.descr"
    },
    "frame": "task",
    "show_toast": true,
    "announce_to_chat": true,
    "hidden": false
  },
  "criteria": {
    "long_way_to_end_0": {
      "trigger": "minecraft:inventory_changed",
      "conditions": {
        "items": [
          {
            "items": [
              "tcw_thecrsimsonmod:deleted_mod_element"
            ],
            "count": {
              "min": 1,
              "max": 1
            }
          }
        ]
      }
    }
  },
  "rewards": {
    "experience": 10
  }
}